url,name,address,city,state,phone
https://pack-cpa.com/,Results,"12 W Mesquite Blvd Ste, 108 #6, Mesquite, NV 89027",Mesquite,NV,(702) 397-4444
http://hintonburdick.com/,Results,"590 W Mesquite Blvd Ste 201, Mesquite, NV 89027",Mesquite,NV,(702) 346-3462
https://gasaccountants.com/?utm_source=Google_Business&utm_medium=Local,Results,"786 W Pioneer Blvd E, Mesquite, NV 89027",Mesquite,NV,(303) 746-0586
https://baumanwealth.com/,Results,"1085 W Pioneer Blvd, Mesquite, NV 89027",Mesquite,NV,(702) 897-9997
https://www.hrblock.com/tax-office-near-me/nevada/mesquite/64096/?otppartnerid=9308&campaignid=pw_mcm_9308_9762&utm_medium=local,Results,"483 W Mesquite Blvd, Mesquite, NV 89027",Mesquite,NV,(702) 346-5797
https://www.libertyledgers.com/,Results,,Bunkerville,NV,(725) 253-0423
https://paramount.tax/moapa-valley,Results,"120 N Moapa Valley Blvd, Moapa Valley, NV 89040",Moapa Valley,NV,(702) 583-4936
http://chasesheets.com/,Results,"1243 Eddy St, Gardnerville, NV 89410",Gardnerville,NV,(775) 782-8250
http://carsonvalleyaccounting.com/,Results,"1663 U.S. Hwy 395 N Ste 201, Minden, NV 89423",Minden,NV,(775) 782-7874
https://office.jacksonhewitt.com/tax-preparation-services-locations/en/nv/mesquite/355-w-mesquite-blvd/10760?utm_source=google&utm_medium=local&utm_campaign=local&utm_content=10760,Results,"355 W Mesquite Blvd C50, Mesquite, NV 89027",Mesquite,NV,(702) 346-7378
https://www.fcrpinsurance.com/,Results,"315 Calais Dr, Mesquite, NV 89027",Mesquite,NV,(702) 346-7025
http://www.allred-accounting.com/,Results,,Bunkerville,NV,(775) 404-2469
http://www.glennonandsandoval.com/,Results,"475 Railroad St, Elko, NV 89801",Elko,NV,(775) 777-8497
http://kondlercpa.com/,Results,"8475 W Sunset Rd Unit 201, Las Vegas, NV 89113",Las Vegas,NV,(702) 433-7075
http://www.yournevadacpa.com/,Results,"6920 S Cimarron Rd Ste 100, Las Vegas, NV 89113",Las Vegas,NV,(702) 255-2330
http://www.berkleycpa.com/,Results,"2984 E Russell Rd, Las Vegas, NV 89120",Las Vegas,NV,(702) 478-6888
http://www.ascendcpas.com/,Results,"5215 S Durango Dr #3, Las Vegas, NV 89113",Las Vegas,NV,(702) 822-1777
http://www.meservycpa.com/,Results,"601 E Charleston Blvd #101, Las Vegas, NV 89104",Las Vegas,NV,(702) 385-7080
https://office.jacksonhewitt.com/tax-preparation-services-locations/en/nv/mesquite/1120-west-pioneer-boulevard/53847?utm_source=google&utm_medium=local&utm_campaign=local&utm_content=53847,Results,"1120 W Pioneer Blvd, Mesquite, NV 89027",Mesquite,NV,(702) 622-0264
