url,name,address,city,state,phone
http://hintonburdick.com/,Results,"590 W Mesquite Blvd Ste 201, Mesquite, NV 89027",Mesquite,NV,(702) 346-3462
https://pack-cpa.com/,Results,"12 W Mesquite Blvd Ste, 108 #6, Mesquite, NV 89027",Mesquite,NV,(702) 397-4444
https://gasaccountants.com/?utm_source=Google_Business&utm_medium=Local,Results,"786 W Pioneer Blvd E, Mesquite, NV 89027",Mesquite,NV,(303) 746-0586
http://www.bmolawfirm.com/,Results,"590 W Mesquite Blvd #202A, Mesquite, NV 89027",Mesquite,NV,(702) 346-3100
https://www.hrblock.com/tax-office-near-me/nevada/mesquite/64096/?otppartnerid=9308&campaignid=pw_mcm_9308_9762&utm_medium=local,Results,"483 W Mesquite Blvd, Mesquite, NV 89027",Mesquite,NV,(702) 346-5797
https://baumanwealth.com/,Results,"1085 W Pioneer Blvd, Mesquite, NV 89027",Mesquite,NV,(702) 897-9997
https://office.jacksonhewitt.com/tax-preparation-services-locations/en/nv/mesquite/355-w-mesquite-blvd/10760?utm_source=google&utm_medium=local&utm_campaign=local&utm_content=10760,Results,"355 W Mesquite Blvd C50, Mesquite, NV 89027",Mesquite,NV,(702) 346-7378
http://mesquitetax.com/,Results,"3035 S Ellsworth Rd Ste 109, Mesa, AZ 85212",Mesa,AZ,(480) 288-6855
https://www.fcrpinsurance.com/,Results,"315 Calais Dr, Mesquite, NV 89027",Mesquite,NV,(702) 346-7025
https://office.jacksonhewitt.com/tax-preparation-services-locations/en/nv/mesquite/1120-west-pioneer-boulevard/53847?utm_source=google&utm_medium=local&utm_campaign=local&utm_content=53847,Results,"1120 W Pioneer Blvd, Mesquite, NV 89027",Mesquite,NV,(702) 622-0264
